Player,Dribbling,Fouling,Interrupting,Passing,Receiving,Shooting,Goals Added
Carlos Vela,0.20,0.04,-0.02,0.01,0.08,0.06,0.36
Ryan Telfer,-0.10,-0.01,-0.05,0.34,0.20,-0.02,0.36
Jasser Khmiri,-0.01,0.01,0.41,-0.05,-0.02,-0.01,0.34
Javier Pérez,0.10,0.00,-0.02,0.40,-0.02,-0.14,0.33
Zlatan Ibrahimovic,-0.01,0.03,-0.01,0.05,0.18,0.06,0.30
Cristian Pavón,0.14,0.02,0.00,0.08,0.02,0.01,0.26
Alberth Elis,0.10,0.05,-0.02,0.01,0.11,0.01,0.26
Sebastián Blanco,0.09,0.01,-0.01,0.13,0.01,0.00,0.23
Cristian Martínez,0.08,-0.01,0.06,0.05,-0.03,0.05,0.21
Ethan Zubak,-0.22,-0.02,-0.03,0.03,0.43,0.02,0.20
Shea Salinas,0.09,0.00,-0.02,0.06,0.05,0.02,0.20
Nicolas Benezet,0.04,-0.01,0.11,-0.02,0.03,0.02,0.18
Michaell Chirinos,-0.02,0.10,-0.01,-0.04,0.09,0.06,0.17
Valeri Qazaishvili,0.10,-0.01,0.00,-0.02,0.04,0.05,0.16
Carlos Fierro,0.00,0.03,0.04,-0.05,0.11,0.03,0.16
Aleksandar Katai,0.15,0.00,-0.01,0.01,0.01,0.00,0.16
Eduard Atuesta,0.08,0.01,0.01,0.05,0.00,0.00,0.16
Raheem Edwards,0.04,0.02,-0.06,0.00,0.09,0.05,0.15
Ilsinho,0.17,0.00,-0.01,0.03,-0.03,-0.01,0.15
Rodolfo Zelaya,-0.04,-0.01,0.22,-0.02,-0.02,0.02,0.15
Jozy Altidore,-0.03,0.03,0.00,0.03,0.11,0.00,0.14
Youness Mokhtar,0.13,-0.01,-0.01,0.04,-0.03,0.03,0.14
Víctor Rodríguez,0.09,0.02,0.00,0.02,0.00,0.01,0.14
Latif Blessing,0.04,0.02,0.03,-0.03,0.06,0.02,0.13
Romell Quioto,0.12,0.03,-0.02,0.02,-0.01,0.01,0.13
Jack Elliott,0.01,0.02,0.04,0.01,0.04,0.01,0.13
Peter-Lee Vassell,0.08,0.00,-0.07,0.09,0.03,0.00,0.13
Anton Tinnerholm,0.04,0.03,0.00,0.02,0.03,0.01,0.13
Johnny Russell,0.09,0.00,0.00,0.02,0.02,0.01,0.13
Carles Gil,0.04,0.01,0.01,0.09,-0.03,0.01,0.12
Héber,-0.01,-0.01,0.01,-0.03,0.10,0.07,0.12
Jonathan Campbell,0.00,0.01,0.13,0.01,-0.02,0.00,0.12
Claude Dielna,0.03,-0.02,0.08,0.02,0.01,-0.01,0.12
Niko Hämäläinen,0.13,-0.03,0.11,-0.08,-0.01,0.00,0.12
Romario Williams,-0.02,0.00,0.00,-0.02,0.13,0.04,0.12
Rolf Feltscher,0.01,0.00,0.06,-0.02,0.04,0.02,0.12
Sam Nicholson,0.08,0.03,-0.01,0.00,0.02,0.00,0.12
Florian Valot,0.00,0.00,0.03,-0.01,0.10,0.00,0.12
Josef Martínez,0.01,0.01,-0.01,-0.01,0.06,0.06,0.12
Cristian Espinoza,0.14,0.00,0.02,0.00,-0.03,-0.02,0.12
Kevin Molino,0.04,0.00,0.04,0.02,-0.01,0.03,0.11
Brian Fernández,0.04,-0.01,-0.02,-0.01,0.05,0.06,0.11
Mark-Anthony Kaye,0.00,0.00,0.02,0.06,0.03,0.00,0.11
Omir Fernandez,0.02,0.01,0.04,-0.02,0.03,0.02,0.11
Graham Smith,0.02,0.01,0.05,0.00,0.01,0.03,0.11
Sergio Santos,0.00,0.02,0.01,-0.01,0.05,0.04,0.11
Guram Kashia,0.02,0.01,0.05,0.04,0.00,0.00,0.11
Romain Métanire,0.02,0.00,0.04,0.05,-0.01,0.00,0.11
Daniel Royer,-0.05,0.01,-0.01,0.02,0.08,0.06,0.11
Alejandro Romero Gamarra,-0.01,-0.01,0.02,0.11,-0.02,0.01,0.10
Gerso,0.04,0.03,0.00,0.01,0.01,0.01,0.10
Román Torres,0.02,0.01,0.06,-0.01,0.03,0.01,0.10
Gary Mackay-Steven,0.02,-0.01,-0.02,0.02,0.06,0.02,0.10
Zdenek Ondrasek,-0.03,-0.02,0.01,-0.01,0.11,0.03,0.10
Richie Laryea,0.12,0.04,-0.01,-0.06,0.01,0.00,0.10
Ema Twumasi,-0.27,0.00,0.01,-0.01,0.33,0.04,0.10
Darwin Quintero,0.02,-0.01,0.01,0.08,-0.01,0.00,0.10
Alexandru Mitrita,0.09,0.01,-0.03,0.02,-0.01,0.01,0.10
Héctor Villalba,0.12,-0.01,-0.01,-0.03,0.02,0.01,0.10
Diego Chara,0.02,-0.01,0.05,0.02,0.01,0.01,0.09
Francisco Calvo,0.00,0.01,0.04,0.03,0.02,-0.01,0.09
André Horta,0.11,0.01,-0.01,0.00,0.01,-0.02,0.09
Brian Rodríguez,0.12,0.05,-0.03,-0.09,0.00,0.04,0.09
Erik Godoy,0.00,0.01,0.09,0.00,-0.01,-0.01,0.09
Luke Mulholland,0.02,0.00,-0.02,0.09,0.00,0.00,0.09
Przemyslaw Frankowski,0.01,-0.01,-0.01,0.05,0.04,0.00,0.09
Luis Silva,-0.05,-0.01,-0.05,-0.05,0.12,0.12,0.09
Ryan Hollingshead,0.02,0.01,0.08,-0.03,0.03,-0.01,0.09
Andre Shinyashiki,0.04,0.01,0.02,0.00,-0.01,0.03,0.09
Diego Rubio,0.03,0.00,0.03,0.01,0.01,0.01,0.09
Santiago Patiño,-0.02,-0.01,0.02,-0.02,0.08,0.04,0.09
Dom Dwyer,-0.05,-0.02,-0.01,0.02,0.13,0.01,0.08
Nicolás Mezquida,0.03,-0.01,0.02,0.00,0.04,0.00,0.08
Ezequiel Barco,0.05,0.01,-0.02,0.00,0.01,0.03,0.08
Felipe Gutiérrez,0.01,0.01,0.02,0.01,0.02,0.01,0.08
Mohamed El-Munir,0.05,0.00,0.03,0.00,-0.01,-0.01,0.08
Santiago Mosquera,0.07,-0.01,0.01,0.00,0.00,0.02,0.08
Keaton Parks,0.04,0.00,-0.01,0.02,0.01,0.01,0.08
Frédéric Brillant,0.00,0.01,0.02,0.00,0.03,0.02,0.08
Paul Marie,0.10,-0.01,-0.01,-0.02,0.02,0.01,0.08
Dave Romney,0.02,0.01,0.05,-0.01,0.00,0.01,0.08
Matt Besler,0.03,0.00,0.02,0.04,-0.02,0.00,0.08
Danny Hoesen,-0.01,-0.01,-0.02,0.00,0.09,0.04,0.08
Diego Rossi,0.01,0.00,-0.01,0.01,0.05,0.02,0.08
Lassi Lappalainen,0.06,-0.01,-0.01,-0.05,0.03,0.05,0.07
Haris Medunjanin,0.02,0.00,-0.01,0.08,-0.02,0.00,0.07
Eddie Segura,0.02,0.00,0.02,0.02,0.00,0.00,0.07
Chris Pontius,0.01,-0.01,-0.02,0.01,0.08,-0.01,0.07
Tristan Blackmon,0.00,0.01,0.00,0.04,0.02,0.01,0.07
Alex Muyl,-0.01,-0.01,0.05,0.02,0.02,-0.01,0.07
Luis Martins,0.02,0.00,0.04,0.02,-0.01,0.00,0.07
Raúl Ruidíaz,-0.05,-0.01,0.00,-0.05,0.11,0.07,0.07
Wilfried Moimbé,0.00,0.00,0.12,-0.01,-0.03,-0.01,0.07
Jordan Morris,0.00,-0.01,-0.01,-0.01,0.06,0.03,0.07
Leandro González Pirez,0.03,0.02,-0.02,0.05,-0.01,-0.01,0.07
Maynor Figueroa,0.05,0.00,0.00,0.04,-0.01,0.00,0.07
Ronald Matarrita,0.00,0.01,0.05,0.00,0.01,0.01,0.07
Justin Meram,0.08,-0.01,0.01,-0.02,0.00,0.00,0.07
Michael Barrios,0.03,0.00,-0.01,0.04,0.01,0.00,0.07
Ali Adnan,0.04,0.03,0.01,0.00,0.00,-0.01,0.07
Juan Agudelo,0.00,-0.01,0.04,-0.01,0.02,0.01,0.07
Cristian Penilla,0.02,-0.01,-0.01,0.06,0.00,0.01,0.06
Bojan Krkić,0.06,0.00,-0.01,-0.03,0.04,0.00,0.06
Steven Birnbaum,-0.01,0.02,0.03,0.01,0.01,0.00,0.06
Dax McCarty,0.02,0.01,0.02,0.01,0.01,0.00,0.06
Memo Rodríguez,-0.01,-0.01,0.01,0.02,0.02,0.03,0.06
Tommy Thompson,0.05,0.01,0.06,-0.06,0.00,0.00,0.06
Josh Pérez,-0.02,-0.01,-0.01,0.01,0.04,0.05,0.06
Lamine Sané,0.01,0.02,0.05,0.00,-0.01,0.00,0.06
Anthony Jackson-Hamel,0.06,0.06,-0.02,0.00,-0.03,-0.01,0.06
Nani,0.03,0.00,0.00,0.10,-0.05,-0.03,0.06
Bressan,0.00,-0.03,0.08,0.01,0.00,0.00,0.06
Xavier Arreaga,0.02,0.00,0.04,-0.01,-0.01,0.01,0.06
Andrew Gutman,0.03,-0.04,0.01,0.05,0.00,0.02,0.06
Cristian Roldan,0.00,0.01,0.04,0.02,0.00,0.00,0.06
Angelo Rodríguez,-0.05,0.00,0.00,0.01,0.07,0.03,0.06
Rudy Camacho,0.02,0.01,-0.01,0.02,0.00,0.01,0.05
Kyle Duncan,0.00,-0.01,0.01,0.03,0.01,0.01,0.05
Chris Mavinga,0.02,-0.02,0.07,0.01,-0.02,0.00,0.05
Zakaria Diallo,0.04,-0.01,0.00,0.02,0.01,0.00,0.05
Joao Plata,0.08,0.05,-0.06,-0.01,-0.04,0.03,0.05
Julian Gressel,0.01,0.00,-0.02,0.03,0.03,0.00,0.05
Renzo Zambrano,0.00,-0.01,0.09,-0.02,-0.01,0.00,0.05
Gianluca Busio,0.00,0.05,0.02,-0.06,0.01,0.04,0.05
Michael Murillo,0.01,0.00,0.03,0.01,0.01,0.00,0.05
Abdul Rwatubyaye,0.07,0.03,-0.01,0.00,-0.02,-0.01,0.05
Pity Martínez,0.04,0.03,-0.02,0.02,0.01,-0.02,0.05
Alejandro Fuenmayor,0.02,0.01,-0.01,0.00,0.01,0.02,0.05
Auro,0.02,0.02,0.01,-0.01,0.01,0.00,0.05
Lalas Abubakar,-0.01,-0.02,0.09,-0.01,-0.01,0.00,0.05
Maximiliano Moralez,-0.03,0.02,-0.02,0.06,0.02,0.00,0.05
Bryan Reynolds,-0.03,-0.02,0.15,0.01,-0.04,-0.01,0.05
Jorge Moreira,0.08,-0.02,-0.02,0.01,0.00,0.00,0.05
Jonathan dos Santos,0.02,-0.01,0.00,0.05,-0.02,0.00,0.05
Mauricio Pereyra,-0.04,-0.01,0.00,0.13,-0.03,0.00,0.05
C.J. Sapong,-0.03,0.01,0.01,-0.02,0.06,0.01,0.05
Antonio Mlinar Delamea,0.01,0.01,0.04,0.01,-0.01,0.00,0.05
Matt Hedges,0.00,0.01,-0.01,0.04,0.00,0.01,0.05
Adama Diomande,0.13,-0.01,-0.03,-0.02,-0.04,0.02,0.05
Paxton Pomykal,0.04,-0.01,0.03,0.01,-0.03,0.00,0.04
Edgar Castillo,-0.01,0.01,0.04,0.02,0.00,0.00,0.04
Chris Odoi-Atsem,0.02,0.02,0.06,-0.05,0.00,0.00,0.04
Nick Hagglund,0.01,0.01,0.01,0.00,0.01,0.01,0.04
Bacary Sagna,-0.01,0.02,0.01,0.01,0.02,0.00,0.04
Zachary Brault-Guillard,0.06,0.00,0.00,-0.02,0.00,0.00,0.04
Ike Opara,0.00,0.01,0.03,-0.02,0.02,0.01,0.04
Axel Sjöberg,-0.08,0.05,-0.01,-0.01,0.08,0.02,0.04
Alex Crognale,0.00,0.01,-0.05,0.01,0.04,0.02,0.04
Romario Ibarra,0.02,0.05,-0.01,0.03,0.00,-0.04,0.04
Diego Polenta,0.02,-0.01,0.01,0.04,-0.01,0.00,0.04
Alejandro Bedoya,0.02,-0.01,0.01,0.02,0.01,0.00,0.04
Sebastián Saucedo,0.05,0.04,0.01,-0.01,-0.05,0.01,0.04
Chris Wondolowski,-0.01,-0.01,-0.01,-0.03,0.09,0.01,0.04
Ruan,0.04,0.03,-0.01,-0.03,0.01,0.00,0.04
Fanendo Adi,-0.06,0.00,-0.02,-0.02,0.10,0.03,0.04
Jimmy Medranda,-0.03,0.01,0.02,0.07,-0.05,0.02,0.04
Gyasi Zardes,-0.03,0.01,0.02,-0.02,0.04,0.01,0.04
Luis Felipe,-0.02,0.01,0.06,0.01,-0.03,0.00,0.04
Saphir Taïder,0.02,0.02,-0.03,-0.02,0.04,0.01,0.04
Bastian Schweinsteiger,0.03,0.00,-0.01,0.02,-0.01,0.00,0.03
Jamiro Monteiro,0.01,-0.01,-0.01,0.04,-0.01,0.01,0.03
Brandon Bye,-0.01,-0.01,0.02,0.01,0.01,0.01,0.03
Nicolás Lodeiro,0.00,0.01,0.02,0.02,-0.01,-0.01,0.03
Wilfried Zahibo,0.00,0.03,-0.04,0.02,0.02,0.00,0.03
Brad Smith,0.02,0.01,-0.01,0.01,0.01,0.00,0.03
Krisztián Németh,0.00,0.01,-0.03,-0.04,0.06,0.04,0.03
Aaron Herrera,0.00,-0.01,0.05,0.00,-0.01,0.00,0.03
Jan Gregus,0.02,0.00,0.02,0.03,-0.02,-0.01,0.03
Jack Price,0.00,0.00,0.01,0.05,-0.03,-0.01,0.03
Joseph Mora,0.01,0.01,0.02,-0.01,0.00,0.00,0.03
Luis Díaz,0.04,0.00,-0.01,0.03,-0.03,0.01,0.03
Kenny Saief,0.04,-0.01,0.01,0.07,-0.06,-0.02,0.03
Kelvin Leerdam,0.00,-0.01,0.03,0.00,0.01,0.00,0.03
Uriel Antuna,0.02,0.01,-0.02,0.00,0.02,0.01,0.03
Scott Caldwell,-0.02,0.01,0.07,-0.01,-0.01,-0.01,0.03
Florian Jungwirth,0.01,-0.01,0.03,0.00,-0.01,0.00,0.03
Derrick Etienne,0.05,0.00,0.01,-0.02,-0.02,0.00,0.03
Mauro Manotas,-0.02,-0.02,0.00,0.03,0.02,0.02,0.03
Michael Bradley,0.00,0.01,0.01,0.02,-0.01,-0.01,0.03
Marco Delgado,0.01,0.00,-0.01,0.01,0.01,0.00,0.03
Daniel Steres,0.00,0.01,-0.03,0.02,0.03,0.00,0.03
Chase Gasper,0.02,0.02,0.02,-0.01,-0.02,0.00,0.02
Valentín Castellanos,-0.02,0.02,0.00,-0.01,0.04,0.00,0.02
Sean Davis,0.00,0.00,0.02,0.02,-0.02,0.00,0.02
Miles Robinson,0.03,0.01,-0.01,0.01,0.00,-0.01,0.02
Brooks Lennon,0.02,0.00,0.02,-0.01,0.00,0.00,0.02
Diego Fagundez,0.00,-0.01,0.02,0.01,0.02,-0.01,0.02
Tommy Smith,0.00,0.02,-0.01,-0.02,0.03,0.01,0.02
Diego Valeri,0.03,-0.01,-0.02,0.03,-0.01,0.00,0.02
Leonardo Jara,0.00,-0.01,0.04,-0.03,0.02,0.00,0.02
Andrew Farrell,-0.02,0.00,0.04,0.02,-0.02,0.00,0.02
Brek Shea,-0.01,0.03,-0.01,-0.01,0.02,0.00,0.02
Jonathan Mensah,0.00,0.01,0.01,0.00,0.00,0.00,0.02
Wayne Rooney,0.03,-0.01,0.01,0.04,-0.08,0.03,0.02
Paul Arriola,0.02,-0.01,0.01,-0.02,0.01,0.01,0.02
Djordje Mihailovic,-0.03,0.00,0.02,0.01,0.00,0.01,0.02
Walker Zimmerman,0.01,0.00,-0.03,0.03,0.00,0.00,0.02
Brandon Servania,-0.01,0.00,0.00,-0.04,0.05,0.01,0.02
Mathieu Choinière,-0.03,0.04,0.05,-0.03,-0.04,0.02,0.02
Christian Ramirez,-0.04,0.01,0.00,0.00,0.04,0.01,0.02
Graham Zusi,0.00,0.01,-0.01,0.02,0.00,0.00,0.02
Cristhian Paredes,-0.01,0.00,0.01,-0.03,0.04,0.01,0.02
Gastón Sauro,0.01,-0.01,0.00,0.00,0.02,0.00,0.02
Andreu Fontàs,0.04,-0.02,-0.04,0.05,-0.02,0.00,0.02
Alexander Ring,-0.01,-0.01,0.00,0.00,0.02,0.01,0.02
Eriq Zavaleta,-0.01,0.00,0.04,0.01,-0.02,0.00,0.02
Ricardo Clark,-0.06,0.00,0.09,-0.02,0.01,0.00,0.02
Darlington Nagbe,0.03,0.00,0.00,-0.01,-0.02,0.00,0.01
Jordan Hamilton,-0.07,0.00,-0.02,-0.08,0.15,0.03,0.01
Marc Rzatkowski,-0.01,0.02,-0.02,0.02,0.00,0.01,0.01
Erickson Gallardo,0.01,-0.01,0.05,-0.03,-0.01,0.00,0.01
Harold Cummings,0.01,-0.02,0.06,-0.01,-0.02,0.00,0.01
Liam Fraser,0.01,-0.01,-0.01,0.04,0.00,-0.01,0.01
Cristian Cásseres Jr,-0.01,0.02,-0.01,0.02,0.00,0.01,0.01
Amando Moreno,-0.01,-0.02,-0.07,-0.05,0.07,0.09,0.01
Harrison Afful,-0.01,0.00,0.01,0.00,0.01,0.00,0.01
Robinho,0.00,0.00,0.05,-0.03,-0.01,0.01,0.01
Matthew Real,0.00,0.00,-0.05,0.01,0.04,0.01,0.01
Tomás Conechny,-0.03,0.00,-0.07,0.01,0.05,0.03,0.01
Pedro Santos,0.02,0.03,0.00,0.01,-0.03,-0.01,0.01
Perry Kitchen,-0.01,0.00,0.03,0.01,-0.02,0.00,0.01
Kamal Miller,0.00,0.00,0.03,0.00,-0.02,0.00,0.01
Lee Nguyen,0.00,0.02,-0.02,0.01,-0.01,0.00,0.01
Tajon Buchanan,0.05,0.00,-0.01,0.01,-0.02,-0.02,0.01
Lucas Venuto,0.07,-0.01,-0.02,-0.02,-0.02,0.00,0.01
Cristian Higuita,0.00,0.00,0.06,-0.02,-0.02,-0.01,0.01
Nicolás Gaitán,-0.02,0.00,-0.02,0.04,0.01,0.00,0.01
Justen Glad,0.01,0.01,-0.02,0.01,-0.01,0.00,0.01
Sebastián Méndez,-0.01,0.00,0.05,-0.01,-0.02,0.00,0.01
Julian Araujo,-0.01,-0.01,0.04,-0.03,0.00,0.01,0.01
Diedie Traore,-0.01,0.02,0.00,0.01,-0.01,0.00,0.01
João Moutinho,0.00,0.00,-0.01,0.01,0.00,0.00,0.01
Judson,0.00,0.00,0.05,-0.02,-0.02,-0.01,0.01
Sam Vines,0.00,0.00,0.03,-0.01,-0.01,0.00,0.01
Yordy Reyna,0.04,0.02,0.02,0.01,-0.08,-0.02,0.01
Mark McKenzie,0.00,0.01,0.03,-0.01,-0.02,0.00,0.00
Nemanja Nikolic,-0.03,-0.01,-0.01,0.00,0.06,0.00,0.00
Gustav Svensson,0.01,0.00,-0.02,0.03,0.00,-0.01,0.00
Ilie Sánchez,0.02,-0.01,-0.01,0.00,0.01,0.00,0.00
Andy Polo,0.02,0.00,0.01,0.01,-0.04,0.00,0.00
Shane O'Neill,-0.01,0.01,0.04,-0.02,-0.01,0.00,0.00
Darwin Cerén,0.00,0.00,0.02,0.03,-0.03,-0.01,0.00
Dejan Jakovic,-0.01,0.01,0.05,-0.02,-0.02,0.00,0.00
Hwang In-Beom,0.01,0.00,0.03,-0.01,-0.02,0.00,0.00
Michael Mancienne,0.01,0.00,0.01,-0.01,-0.01,0.00,0.00
Orji Okwonkwo,0.03,-0.01,-0.02,-0.05,0.05,-0.01,0.00
Bradley Wright-Phillips,-0.05,-0.01,-0.01,-0.04,0.09,0.02,0.00
Alexander Callens,0.02,-0.01,0.00,0.00,-0.01,0.00,0.00
Diego Campos,0.01,0.00,0.03,-0.03,-0.02,0.00,0.00
Benny Feilhaber,0.01,0.00,0.02,0.00,-0.05,0.02,0.00
Scott Sutter,-0.01,0.01,0.02,0.01,-0.01,-0.01,0.00
Emmanuel Boateng,-0.02,-0.01,-0.02,-0.01,0.04,0.01,0.00
Héctor Jiménez,0.00,0.00,-0.01,0.03,-0.01,0.00,0.00
Alejandro Pozuelo,0.01,-0.01,-0.01,0.06,-0.05,0.00,0.00
Magnus Eriksson,0.04,0.00,-0.02,0.01,-0.03,0.00,0.00
Franco Escobar,0.00,-0.01,0.03,-0.04,0.01,0.00,0.00
Danilo Silva,0.02,0.00,-0.02,-0.01,0.03,-0.02,0.00
Luis Caicedo,0.00,0.00,0.03,-0.01,-0.02,-0.01,0.00
Robin Lod,-0.03,-0.01,0.00,-0.04,0.03,0.05,0.00
Carlos Ascues,-0.04,0.00,0.04,-0.04,0.03,0.02,0.00
Nick Lima,0.03,0.01,0.00,-0.04,0.00,0.00,0.00
Abu Danladi,-0.03,-0.02,0.01,-0.01,0.02,0.02,0.00
Jorge Villafaña,0.01,0.00,0.00,-0.01,-0.01,0.00,0.00
Chris Duvall,0.00,0.01,0.05,-0.04,-0.02,0.00,0.00
Kendall Waston,-0.01,-0.02,0.01,-0.01,0.02,0.00,0.00
Hassani Dotson,0.03,0.00,0.01,-0.02,-0.03,0.00,0.00
Benji Michel,-0.03,0.00,-0.02,-0.05,0.07,0.02,0.00
Jonathan Lewis,0.06,-0.01,-0.01,0.00,-0.05,0.01,0.00
Tim Parker,-0.01,0.01,-0.03,0.02,0.01,0.00,0.00
Reto Ziegler,0.01,0.01,-0.03,0.03,-0.01,0.00,0.00
Michael Boxall,0.00,0.01,-0.01,-0.01,0.00,0.00,-0.01
Osvaldo Alonso,0.02,-0.01,-0.01,0.02,-0.01,-0.01,-0.01
Keegan Rosenberry,-0.01,0.01,-0.01,0.02,-0.01,0.00,-0.01
Henry Wingo,0.10,-0.01,0.03,-0.03,-0.08,-0.03,-0.01
Dairon Asprilla,0.06,-0.01,-0.01,0.00,-0.01,-0.04,-0.01
Emerson Hyndman,0.03,0.02,0.01,-0.02,-0.03,-0.01,-0.01
Ismael Tajouri-Shradi,0.05,0.00,-0.02,0.02,-0.04,-0.02,-0.01
Kim Kee-hee,0.01,0.00,-0.02,0.00,0.01,0.00,-0.01
Justin Morrow,0.01,0.01,0.00,-0.03,0.01,0.00,-0.01
Justin Rennicks,-0.09,-0.01,0.04,-0.05,0.13,-0.04,-0.01
Jalil Anibaba,-0.01,0.01,0.02,-0.01,-0.01,0.00,-0.01
Dániel Sallói,-0.06,0.01,-0.02,-0.01,0.05,0.03,-0.01
Júnior Moreno,-0.02,-0.01,0.00,0.03,-0.01,0.00,-0.01
Brian White,-0.05,0.01,-0.01,-0.05,0.08,0.01,-0.01
Oriol Rosell,0.00,0.00,0.02,0.00,-0.02,0.00,-0.01
Sebastian Lletget,-0.02,0.01,0.00,-0.03,0.02,0.01,-0.01
John Nelson,0.02,0.01,0.01,-0.02,-0.01,0.00,-0.01
Andrés Ríos,0.01,0.03,-0.03,-0.04,0.01,0.02,-0.01
Greg Garza,-0.01,0.01,-0.01,0.00,0.00,0.00,-0.01
Danilo Acosta,-0.02,0.01,0.03,-0.03,0.00,0.00,-0.01
Jackson Yueill,0.01,0.00,-0.02,0.00,0.00,0.00,-0.01
Aaron Long,-0.01,0.00,0.00,-0.01,0.01,0.00,-0.01
Jordan Harvey,-0.02,0.01,-0.01,0.01,0.01,0.00,-0.01
Robin Jansson,0.00,0.01,0.00,0.00,-0.02,0.00,-0.01
Laurent Ciman,0.02,0.01,-0.05,0.03,-0.02,0.00,-0.01
Roger Espinoza,-0.01,0.00,-0.02,0.00,0.01,0.00,-0.01
Luciano Acosta,-0.02,0.01,0.02,0.02,-0.03,-0.01,-0.01
Niko Hansen,-0.06,-0.01,0.09,-0.04,0.02,-0.01,-0.01
Albert Rusnák,0.07,-0.01,-0.02,0.00,-0.06,0.00,-0.01
Francois Affolter,0.01,0.02,-0.02,0.00,-0.02,0.00,-0.01
Roland Lamah,0.00,0.03,-0.01,-0.01,-0.03,-0.01,-0.01
Saad Abdul-Salaam,0.00,0.01,0.00,-0.02,0.00,0.00,-0.02
Kemar Lawrence,-0.02,-0.01,0.03,0.00,-0.02,0.00,-0.02
Connor Lade,0.01,0.00,0.01,-0.02,-0.01,0.00,-0.02
Jonathan Osorio,0.00,-0.02,-0.01,-0.03,0.02,0.01,-0.02
Kacper Przybylko,0.00,-0.01,0.01,-0.06,0.03,0.02,-0.02
Maxime Chanot,0.00,-0.01,0.01,0.00,-0.01,0.00,-0.02
Kevin Garcia,0.00,0.00,0.02,-0.04,-0.01,0.00,-0.02
Doneil Henry,0.00,0.00,-0.01,-0.01,0.01,0.00,-0.02
Derek Cornelius,-0.01,-0.02,0.04,-0.03,0.00,0.00,-0.02
Nick DeLeon,0.02,-0.03,0.00,-0.03,0.03,0.00,-0.02
Micheal Azira,-0.03,0.00,0.04,-0.01,-0.01,0.00,-0.02
Jørgen Skjelvik,-0.02,-0.02,0.01,-0.01,0.02,0.00,-0.02
Reggie Cannon,0.01,-0.01,0.02,-0.04,0.00,0.00,-0.02
Sebastian Anderson,-0.03,-0.08,-0.05,0.00,0.12,0.03,-0.02
Bryan Acosta,0.01,-0.01,0.00,-0.01,-0.01,-0.01,-0.02
Jesús Ferreira,0.02,-0.01,0.02,-0.02,-0.03,0.01,-0.02
DaMarcus Beasley,0.00,-0.01,-0.01,0.02,-0.01,0.00,-0.02
Josh Williams,0.01,0.00,-0.03,0.00,0.01,0.00,-0.02
Kevin Kratz,0.04,0.00,-0.12,0.12,-0.05,-0.01,-0.02
Bill Tuiloma,-0.01,0.01,0.00,-0.01,0.01,-0.02,-0.02
Lawrence Olum,-0.01,0.00,-0.02,0.00,0.01,0.01,-0.02
Andy Rose,0.00,0.00,-0.01,-0.02,0.00,0.01,-0.02
Deklan Wynne,-0.01,0.01,0.02,-0.01,-0.02,0.00,-0.02
Jukka Raitala,0.00,0.01,-0.02,0.00,-0.02,0.00,-0.02
Rod Fanni,0.04,0.01,-0.03,-0.02,-0.02,0.00,-0.02
Gedion Zelalem,0.01,0.00,-0.02,0.02,-0.01,-0.01,-0.02
Florentin Pogba,0.00,-0.05,0.02,0.02,-0.01,0.00,-0.02
Francis Atuahene,-0.14,-0.01,-0.05,0.00,0.09,0.09,-0.02
Nouhou Tolo,0.00,-0.03,0.05,-0.04,-0.01,0.01,-0.02
Daniel Lovitz,0.00,0.00,-0.02,0.00,-0.01,0.00,-0.02
Marvin Loría,0.03,0.02,-0.02,-0.05,-0.01,0.01,-0.02
Olivier Mbaizo,0.00,0.00,-0.01,-0.03,0.01,0.00,-0.02
Marco Fabián,0.02,0.00,0.00,-0.02,-0.03,0.00,-0.02
Harry Shipp,-0.04,0.01,0.00,0.01,-0.01,0.00,-0.02
David Accam,0.02,-0.02,-0.01,-0.01,-0.01,0.01,-0.02
Leonardo Bertone,0.00,0.01,0.01,-0.02,-0.02,0.00,-0.02
Boniek García,-0.01,0.00,0.00,-0.01,-0.01,0.00,-0.02
Alex Roldan,-0.02,0.00,0.03,0.00,-0.03,0.00,-0.02
Mason Toye,-0.03,-0.02,0.01,-0.01,0.04,-0.02,-0.02
Kai Wagner,0.01,-0.01,-0.01,0.00,-0.01,0.00,-0.02
Tesho Akindele,0.00,-0.01,-0.01,-0.05,0.04,0.00,-0.02
Ulises Segura,-0.01,-0.01,0.01,-0.01,-0.01,0.00,-0.03
Wil Trapp,0.00,-0.01,0.01,0.00,-0.02,-0.01,-0.03
Andreas Ivan,-0.06,-0.01,0.07,0.00,-0.03,0.01,-0.03
Nedum Onuoha,0.00,0.01,0.00,-0.03,-0.01,0.00,-0.03
Auston Trusty,0.01,-0.02,-0.04,0.01,0.00,0.01,-0.03
Donovan Pines,-0.02,0.00,0.01,-0.02,0.00,0.01,-0.03
Jon Erice,-0.02,0.00,-0.01,0.02,-0.02,0.00,-0.03
Nicolas Hasler,0.05,0.01,-0.05,-0.02,-0.01,0.00,-0.03
Adam Lundkvist,-0.01,-0.01,-0.01,0.00,0.00,0.00,-0.03
Alvas Powell,0.04,0.00,-0.02,-0.05,0.00,0.00,-0.03
Handwalla Bwana,0.05,0.00,-0.01,-0.02,-0.05,0.01,-0.03
Erik Holt,0.02,0.00,0.00,-0.03,-0.02,0.00,-0.03
Connor Maloney,-0.01,0.00,-0.02,0.00,-0.01,0.00,-0.03
Eryk Williamson,-0.03,0.00,0.01,-0.02,-0.02,0.03,-0.03
Grant Lillard,0.01,0.01,0.00,-0.01,-0.02,-0.01,-0.03
Omar González,0.03,0.01,-0.08,0.01,0.00,0.00,-0.03
Mathieu Deplagne,-0.01,0.00,-0.01,-0.02,0.01,0.00,-0.03
Jefferson Savarino,0.03,0.01,-0.01,-0.03,-0.02,0.00,-0.03
Amro Tarek,-0.01,0.01,-0.03,0.00,0.01,0.00,-0.03
Michael Parkhurst,0.01,0.00,-0.04,0.00,0.00,0.00,-0.03
Everton Luiz,0.00,0.00,0.01,-0.03,-0.02,0.00,-0.03
Jorge Corrales,-0.02,0.00,0.00,0.01,-0.01,0.00,-0.03
Siad Haji,0.14,0.00,-0.06,-0.14,0.05,-0.01,-0.03
Justin Hoyte,0.00,-0.01,-0.02,0.01,-0.02,0.00,-0.03
Jeff Larentowicz,-0.01,0.00,0.02,-0.02,-0.02,0.00,-0.03
Tommy McCabe,-0.01,0.00,0.04,-0.04,-0.02,0.00,-0.03
Steven Beitashour,0.00,-0.01,0.01,-0.04,0.00,0.00,-0.03
Aboubacar Keita,0.01,0.00,-0.02,-0.02,-0.01,0.00,-0.03
Brent Kallman,0.01,-0.01,-0.02,-0.02,0.00,0.00,-0.03
Jordy Delem,0.00,-0.02,0.01,-0.01,-0.01,0.00,-0.03
Will Johnson,-0.01,0.00,0.02,-0.05,0.00,0.00,-0.03
Chris Mueller,0.01,0.00,0.01,-0.02,-0.01,-0.03,-0.03
Joe Corona,0.00,0.00,-0.02,-0.01,0.00,0.00,-0.03
Favio Álvarez,0.00,-0.02,0.04,-0.03,-0.03,0.00,-0.03
Victor Ulloa,-0.02,0.00,0.01,-0.01,0.00,-0.01,-0.04
Raymon Gaddis,-0.01,0.01,-0.01,-0.02,-0.01,0.00,-0.04
Teal Bunbury,-0.05,0.01,0.00,-0.03,0.05,-0.01,-0.04
Damir Kreilach,-0.02,0.00,-0.02,-0.02,0.00,0.02,-0.04
Chad Marshall,-0.01,0.00,-0.04,0.02,0.00,-0.01,-0.04
Brandt Bronico,0.00,0.00,-0.02,-0.01,-0.01,0.00,-0.04
Victor Giro,-0.02,-0.01,0.03,-0.02,-0.03,0.01,-0.04
Larrys Mabiala,0.01,-0.03,-0.01,-0.03,0.03,-0.01,-0.04
Corey Baird,0.03,0.00,0.01,-0.04,-0.04,0.00,-0.04
Kei Kamara,-0.03,-0.01,-0.01,0.00,0.01,0.00,-0.04
Daniel Kinumbe,-0.03,0.00,0.06,-0.06,-0.01,0.00,-0.04
Omar Browne,0.04,-0.01,-0.03,0.00,-0.04,0.00,-0.04
A.J. DeLaGarza,-0.02,-0.01,-0.01,-0.02,0.00,0.01,-0.04
Zarek Valentin,-0.01,-0.01,-0.01,0.00,-0.01,0.00,-0.04
Jonathan Bornstein,-0.03,0.01,0.00,-0.01,-0.01,0.00,-0.04
Theo Bair,-0.03,-0.01,0.02,-0.06,0.01,0.03,-0.04
Ethan Finlay,-0.07,0.00,0.01,-0.01,0.01,0.01,-0.04
Rece Buckmaster,0.00,-0.03,-0.02,0.01,0.00,0.00,-0.04
Allan Cruz,-0.05,0.00,-0.01,-0.02,0.02,0.01,-0.04
Lass Bangoura,0.04,-0.01,0.03,-0.05,-0.03,-0.02,-0.04
Lucas Rodríguez,-0.02,0.00,0.03,-0.02,-0.02,-0.01,-0.04
Drew Moor,0.00,-0.03,-0.03,0.02,-0.01,0.00,-0.04
Joe Gyau,0.03,-0.01,0.02,-0.05,-0.04,0.01,-0.04
Danny Wilson,0.00,-0.01,-0.01,-0.01,0.00,-0.01,-0.04
Botond Baráth,0.00,0.00,-0.05,-0.01,0.01,0.01,-0.04
Gustavo Bou,-0.04,0.01,-0.01,0.01,0.01,-0.01,-0.05
Russell Teibert,-0.02,0.00,0.01,-0.01,-0.02,-0.01,-0.05
Kekuta Manneh,0.04,0.00,0.00,-0.02,-0.04,-0.02,-0.05
DeJuan Jones,-0.01,0.00,-0.03,-0.03,0.00,0.01,-0.05
Georges Mukumbilwa,0.20,0.00,-0.13,-0.07,-0.04,-0.01,-0.05
Felipe Hernandez,-0.02,0.01,0.03,-0.03,-0.02,-0.02,-0.05
Forrest Lasso,0.00,0.02,-0.06,0.00,-0.01,0.00,-0.05
Kyle Smith,0.01,0.00,-0.04,-0.02,-0.01,0.01,-0.05
Kyle Beckerman,0.00,0.00,-0.01,-0.03,-0.01,-0.01,-0.05
Giancarlo González,-0.02,-0.02,0.00,-0.01,0.00,0.00,-0.05
Jeremiah Gutjahr,0.01,0.00,-0.04,0.01,-0.02,0.00,-0.05
Jacob Shaffelburg,0.03,-0.01,-0.03,0.04,-0.06,-0.01,-0.05
Collin Martin,0.04,0.00,-0.08,0.02,-0.02,-0.01,-0.05
Andrés Flores,-0.01,-0.01,0.05,-0.03,-0.03,-0.01,-0.05
Fafa Picault,0.01,0.00,0.00,-0.02,-0.02,-0.02,-0.05
Joaquín Ardáiz,0.06,-0.01,-0.03,-0.02,0.02,-0.08,-0.05
Maikel van der Werff,0.00,-0.02,-0.04,0.01,-0.01,0.01,-0.05
Jeremy Ebobisse,-0.07,0.00,-0.01,-0.04,0.08,-0.01,-0.05
Nick Besler,-0.01,-0.01,-0.02,0.00,-0.01,0.00,-0.05
Juan Fernando Caicedo,-0.09,-0.01,-0.01,-0.03,0.08,0.01,-0.05
Russell Canouse,-0.01,-0.01,0.02,-0.02,-0.02,-0.01,-0.05
Aurélien Collin,0.00,-0.02,-0.04,0.03,0.01,-0.02,-0.05
Jaylin Lindsey,0.00,0.00,0.01,-0.05,-0.01,0.00,-0.05
David Guzmán,0.00,-0.01,-0.01,-0.03,0.00,0.00,-0.06
Cory Burke,0.01,-0.01,0.00,0.05,-0.08,-0.02,-0.06
Dominique Badji,-0.01,0.00,-0.01,-0.02,-0.02,0.00,-0.06
Gilbert Fuentes,0.12,-0.12,0.08,-0.07,-0.05,-0.02,-0.06
Donny Toia,-0.01,-0.03,0.00,-0.01,-0.01,0.00,-0.06
Edwin Cerrillo,-0.02,-0.01,0.04,-0.04,-0.02,-0.01,-0.06
Dillon Serna,-0.02,0.00,-0.08,0.04,-0.03,0.02,-0.06
Ben Sweat,0.02,-0.04,-0.03,-0.01,0.00,0.00,-0.06
Matías Vera,-0.01,-0.01,0.00,-0.02,-0.02,-0.01,-0.06
Felipe,-0.02,0.00,0.00,-0.03,-0.01,0.00,-0.06
Alex De John,0.00,0.01,-0.04,-0.01,-0.01,-0.01,-0.06
Marco Farfan,-0.02,-0.01,0.03,-0.05,-0.02,0.00,-0.06
Eric Remedi,0.00,0.00,-0.01,-0.04,-0.02,0.00,-0.06
Quincy Amarikwa,0.00,-0.01,0.01,-0.01,-0.05,0.00,-0.06
Cole Bassett,0.00,0.00,0.00,-0.05,-0.02,0.00,-0.06
Chris Durkin,-0.01,0.00,0.03,-0.04,-0.03,-0.01,-0.06
Joevin Jones,0.03,0.00,-0.02,-0.03,-0.04,-0.01,-0.06
Shamit Shome,0.00,-0.02,-0.03,-0.01,0.00,-0.01,-0.07
Seth Sinovic,0.01,-0.01,-0.03,-0.03,0.00,0.00,-0.07
Tommy McNamara,-0.02,-0.01,-0.01,-0.01,-0.03,0.01,-0.07
Johan Kappelhof,0.00,0.00,-0.01,-0.04,-0.02,0.00,-0.07
Samuel Piette,-0.01,-0.01,0.01,-0.04,-0.02,-0.01,-0.07
Aljaz Struna,0.02,0.00,-0.06,-0.01,-0.01,0.00,-0.07
Sacha Kljestan,-0.04,0.00,0.01,-0.02,-0.03,0.01,-0.07
Kellyn Acosta,0.01,-0.01,-0.02,-0.02,-0.03,0.00,-0.07
Kelyn Rowe,-0.01,0.00,-0.03,-0.01,-0.02,-0.01,-0.07
Marcelo,-0.01,-0.02,-0.03,-0.01,0.00,0.00,-0.07
Emmanuel Ledesma,-0.04,-0.01,0.03,0.02,-0.05,-0.02,-0.07
Waylon Francis,0.00,-0.01,-0.05,0.00,-0.01,0.00,-0.07
Ebenezer Ofori,-0.01,-0.02,0.01,-0.01,-0.03,-0.01,-0.07
Tomás Martínez,0.00,0.01,-0.01,-0.01,-0.04,-0.01,-0.07
Yohan Croizet,-0.02,-0.01,0.00,0.00,-0.03,-0.01,-0.08
Dillon Powers,-0.02,0.00,0.00,-0.02,-0.02,-0.01,-0.08
Marcos López,-0.02,-0.02,0.00,-0.03,0.00,0.00,-0.08
Artur,0.00,-0.01,-0.03,-0.04,0.00,0.00,-0.08
Fatai Alashe,-0.02,0.01,-0.07,-0.03,0.01,0.02,-0.08
Tsubasa Endoh,-0.03,-0.03,0.02,-0.03,0.00,0.00,-0.08
Víctor Cabrera,0.01,-0.01,-0.06,0.00,-0.01,-0.01,-0.08
Johan Blomberg,0.00,-0.01,0.00,-0.02,-0.05,0.00,-0.08
Sebastien Ibeagha,-0.02,-0.01,-0.03,0.01,-0.02,0.00,-0.08
Derrick Jones,0.00,0.00,-0.06,0.02,-0.04,-0.01,-0.08
Jake Nerwinski,-0.01,-0.02,-0.01,-0.04,0.00,0.00,-0.08
Darren Mattocks,0.04,-0.01,0.00,0.02,-0.09,-0.03,-0.08
Mikey Ambrose,-0.03,0.00,-0.03,-0.01,-0.02,0.00,-0.08
Julio Cascante,-0.01,0.00,-0.08,0.00,0.00,-0.01,-0.08
Brandon Vázquez,-0.06,0.02,0.00,-0.05,0.03,-0.02,-0.08
Will Bruin,-0.13,-0.02,0.00,-0.02,0.09,0.00,-0.09
Marcelo Silva,-0.02,-0.01,-0.01,-0.04,-0.01,0.00,-0.09
Harry Novillo,-0.02,0.00,0.06,-0.04,-0.05,-0.04,-0.09
Marlon Hairston,-0.06,0.00,-0.02,-0.09,0.06,0.01,-0.09
Jalen Robinson,-0.01,0.01,-0.04,-0.03,-0.01,0.00,-0.09
Frankie Amaya,0.01,0.00,0.00,-0.03,-0.05,-0.01,-0.09
Aníbal Godoy,-0.01,-0.03,0.00,-0.02,-0.02,-0.01,-0.09
Chris McCann,0.00,0.00,-0.06,-0.02,-0.01,0.00,-0.09
Mo Adams,-0.02,-0.04,0.02,-0.02,-0.03,0.00,-0.09
Servando Carrasco,-0.02,-0.01,-0.02,-0.02,-0.03,-0.01,-0.09
Ricardo Pepi,-0.43,0.00,-0.02,0.12,0.22,0.02,-0.09
Caleb Stanko,-0.02,0.00,-0.03,-0.03,-0.02,0.00,-0.09
James Sands,0.00,-0.02,-0.02,-0.04,-0.02,0.00,-0.09
Marcus Epps,0.05,0.02,-0.05,-0.06,-0.03,-0.03,-0.09
Justin Dhillon,-0.11,-0.01,-0.01,0.01,0.02,-0.01,-0.10
Romain Alessandrini,-0.19,0.02,-0.01,-0.03,0.11,0.00,-0.10
J.J. Williams,-0.13,-0.01,-0.03,-0.08,0.10,0.04,-0.10
Tony Rocha,-0.02,0.00,-0.01,-0.05,-0.01,-0.01,-0.10
Adrien Pérez,-0.07,-0.01,-0.01,-0.18,0.18,0.01,-0.10
Fredy Montero,-0.02,-0.01,0.00,-0.01,-0.04,-0.02,-0.10
Rasmus Schüller,-0.03,-0.01,-0.01,-0.03,-0.02,-0.01,-0.10
Pablo Aránguiz,0.02,0.03,-0.04,-0.01,-0.08,-0.01,-0.11
Fabinho,-0.02,0.00,0.00,-0.04,-0.01,-0.03,-0.11
Josh Sims,-0.08,-0.01,0.01,-0.08,0.06,-0.01,-0.11
Eric Miller,-0.02,-0.03,-0.03,-0.03,0.00,0.00,-0.11
Clément Bayiha,0.02,-0.01,-0.03,-0.02,-0.05,-0.02,-0.11
Luis Argudo,0.01,-0.03,-0.01,-0.02,-0.03,-0.02,-0.11
Andrew Wooten,-0.06,-0.01,0.01,-0.07,0.02,0.00,-0.11
Ayo Akinola,-0.07,-0.10,0.04,-0.03,0.05,-0.02,-0.11
Shandon Hopeau,0.07,0.03,0.05,-0.04,-0.18,-0.04,-0.11
Tom Barlow,-0.05,-0.02,-0.01,-0.03,0.00,-0.01,-0.11
Diego Palacios,0.02,0.00,0.00,-0.13,0.00,0.00,-0.11
Maximiliano Urruti,0.01,0.00,0.03,-0.04,-0.08,-0.03,-0.11
Josué Colmán,-0.04,0.00,0.00,0.02,-0.08,-0.02,-0.11
Sam Johnson,-0.04,-0.01,0.00,-0.01,-0.06,0.01,-0.11
Brenden Aaronson,-0.06,0.00,-0.01,-0.07,0.03,0.00,-0.12
Federico Higuaín,-0.02,-0.01,-0.04,0.02,-0.04,-0.03,-0.12
Tosaint Ricketts,-0.03,-0.02,-0.02,-0.02,-0.01,-0.03,-0.12
Brendan McDonough,0.01,0.01,-0.08,-0.04,-0.03,0.00,-0.12
Ignacio Piatti,-0.08,-0.01,0.00,-0.01,0.00,-0.02,-0.12
Brett Levis,-0.01,-0.06,0.04,-0.04,-0.04,-0.02,-0.12
Jacori Hayes,-0.03,0.01,-0.02,-0.06,-0.02,0.00,-0.13
Patrick Mullins,-0.10,-0.01,-0.04,-0.01,0.03,0.00,-0.13
Justin Portillo,0.02,0.00,-0.07,-0.05,-0.02,-0.02,-0.13
Marquinhos Pedroso,-0.03,0.00,-0.06,-0.04,-0.01,0.00,-0.13
Modou Jadama,-0.03,-0.02,-0.06,-0.01,-0.02,0.00,-0.13
Fabian Herbers,-0.06,0.00,-0.02,-0.08,0.03,0.00,-0.13
Ola Kamara,0.00,-0.01,-0.03,-0.04,0.04,-0.09,-0.14
Jesús Medina,-0.06,-0.01,-0.01,-0.04,-0.03,0.02,-0.14
Juan David Cabezas,-0.03,-0.01,-0.07,-0.02,-0.02,0.00,-0.14
Rodney Wallace,-0.12,0.00,0.03,-0.07,0.02,0.00,-0.14
Luis Arriaga,-0.02,0.00,-0.02,-0.09,-0.01,0.00,-0.14
Kofi Opare,-0.07,0.01,-0.07,-0.01,-0.01,0.01,-0.14
Warren Creavalle,-0.08,0.02,-0.02,-0.04,-0.01,-0.01,-0.14
Vincent Bezecourt,0.00,-0.01,-0.09,-0.03,-0.01,0.00,-0.15
Thomás Chacón,-0.12,-0.02,-0.06,-0.03,0.06,0.02,-0.15
Danny Leyva,0.00,-0.05,-0.05,-0.03,-0.02,0.01,-0.15
Carter Manley,-0.05,0.01,-0.05,-0.04,-0.02,0.00,-0.15
Erik Hurtado,-0.10,-0.01,-0.01,-0.05,0.02,-0.01,-0.15
Efrain Álvarez,-0.10,0.00,-0.02,-0.01,-0.02,-0.01,-0.15
Michael Salazar,-0.05,-0.02,0.00,0.01,-0.05,-0.04,-0.15
Ashtone Morgan,-0.05,-0.03,-0.05,-0.01,-0.02,0.00,-0.15
Emanuel Cecchini,0.10,0.00,-0.14,-0.12,0.01,0.00,-0.16
Eduardo Sosa,0.03,-0.01,-0.02,-0.02,-0.10,-0.04,-0.16
Carlos Gruezo,-0.01,-0.06,-0.01,-0.06,-0.02,0.00,-0.16
Jay Chapman,-0.06,-0.01,-0.03,-0.04,-0.02,0.01,-0.16
Brian Wright,-0.03,0.00,-0.07,-0.01,-0.04,-0.01,-0.16
Shaft Brewer,-0.02,0.00,-0.08,-0.04,-0.02,-0.02,-0.17
Alfonso Ocampo-Chavez,0.03,-0.01,-0.02,-0.06,-0.09,-0.02,-0.17
Dion Pereira,0.00,0.00,-0.07,-0.06,-0.03,-0.01,-0.17
Zoltán Stieber,-0.09,-0.01,-0.01,-0.01,-0.04,-0.01,-0.17
Michee Ngalina,-0.02,0.00,-0.07,-0.06,-0.02,0.00,-0.17
Anthony Fontana,-0.05,-0.01,0.00,-0.09,-0.01,-0.01,-0.17
Ken Krolicki,-0.01,-0.05,-0.03,-0.06,-0.03,0.00,-0.18
Sean Nealis,-0.05,-0.08,-0.04,0.00,-0.02,-0.01,-0.20
Miguel Ibarra,-0.10,-0.01,-0.04,-0.04,0.01,-0.01,-0.20
Emil Cuello,-0.08,-0.12,-0.02,-0.01,0.03,0.00,-0.21
Andrew Carleton,-0.16,-0.01,-0.03,-0.01,0.04,-0.03,-0.21
Corben Bone,-0.02,-0.01,-0.03,-0.06,-0.07,-0.03,-0.21
Niki Jackson,-0.01,-0.02,-0.02,-0.02,-0.13,-0.01,-0.21
Eric Alexander,-0.03,-0.04,-0.07,-0.04,-0.04,-0.01,-0.22
Edwin Gyasi,-0.04,0.00,-0.01,-0.05,-0.08,-0.04,-0.22
Douglas Martínez,-0.06,-0.01,0.00,-0.05,-0.05,-0.06,-0.23
Tate Schmitt,-0.05,-0.02,0.00,-0.02,-0.11,-0.04,-0.24
Terrence Boyd,-0.05,-0.02,-0.02,-0.06,-0.07,-0.03,-0.24
Griffin Yow,-0.06,-0.01,-0.02,-0.07,-0.06,-0.02,-0.24
Justin Haak,-0.04,-0.01,-0.11,0.04,-0.10,-0.02,-0.25
Ronaldo Peña,-0.01,-0.02,0.00,-0.09,-0.09,-0.03,-0.25
Ballou Tabla,-0.03,-0.01,-0.05,-0.10,-0.05,-0.01,-0.25
Rashawn Dally,-0.06,-0.01,-0.02,-0.04,-0.10,-0.03,-0.25
Griffin Dorsey,-0.02,0.00,-0.07,-0.21,0.03,0.00,-0.27
Thomas Roberts,-0.12,-0.01,-0.06,-0.03,-0.03,-0.02,-0.28
Lucas Melano,-0.14,-0.01,0.02,-0.07,-0.02,-0.06,-0.28
Nazmi Albadawi,-0.01,-0.02,-0.11,-0.17,0.02,0.00,-0.29
Eric Calvillo,-0.03,0.00,-0.02,-0.20,-0.02,-0.01,-0.29
Juninho Pereira,-0.02,0.00,-0.07,-0.17,-0.05,-0.01,-0.31
José Bizama,0.01,-0.04,-0.22,-0.07,-0.01,0.01,-0.31
Akeem Ward,-0.03,-0.05,-0.24,-0.03,-0.02,0.00,-0.37
Foster Langsdorf,-0.11,-0.01,-0.03,-0.02,-0.18,-0.04,-0.40
Amar Sejdic,-0.25,-0.01,-0.04,-0.06,-0.05,-0.02,-0.43
Kevin Partida,-0.06,-0.01,0.00,-0.14,-0.21,-0.04,-0.47
Mathias Jørgensen,-0.43,-0.02,0.01,-0.12,-0.04,-0.03,-0.62